{
  "CA:ca_ctc": {
    "state": "CA",
    "annual_cost": 89042592.73397827,
    "poverty_child_delta": -0.00012670516967772105,
    "gini_delta": -5.9065608648545265e-05
  },
  "CA:ca_eitc": {
    "state": "CA",
    "annual_cost": 32334284.24458313,
    "poverty_child_delta": -0.00014419555664060835,
    "gini_delta": -1.8611487737740795e-05
  },
  "CA:ca_dependent_exemption": {
    "state": "CA",
    "annual_cost": -2569588691.695236,
    "poverty_child_delta": 0.0017378997802734442,
    "gini_delta": 0.0004220043706841814
  },
  "CA:child_allowance": {
    "state": "CA",
    "annual_cost": 8571518976.0,
    "poverty_child_delta": -0.02629568099975585,
    "gini_delta": -0.003860569781239165
  },
  "CO:co_ctc": {
    "state": "CO",
    "annual_cost": 35342896.4448843,
    "poverty_child_delta": -0.0006345939636230313,
    "gini_delta": -0.0001500266292258079
  },
  "CO:co_eitc": {
    "state": "CO",
    "annual_cost": 266168786.4814186,
    "poverty_child_delta": -0.008140115737915038,
    "gini_delta": -0.0010356112590907962
  },
  "CT:ct_eitc": {
    "state": "CT",
    "annual_cost": -20595411.009881973,
    "poverty_child_delta": 0.0008526611328124878,
    "gini_delta": 0.00012548090015762625
  },
  "DC:dc_ctc": {
    "state": "DC",
    "annual_cost": 6087062.554784775,
    "poverty_child_delta": 0.0,
    "gini_delta": -0.00017419533557316846
  },
  "DC:dc_eitc": {
    "state": "DC",
    "annual_cost": -6624924.140001774,
    "poverty_child_delta": 2.822875976582484e-06,
    "gini_delta": 0.00017940427863272213
  },
  "GA:ga_ctc": {
    "state": "GA",
    "annual_cost": 36553771.96634674,
    "poverty_child_delta": -2.002716064453125e-05,
    "gini_delta": -2.6062063159471016e-05
  },
  "GA:ga_eitc": {
    "state": "GA",
    "annual_cost": -0.0,
    "poverty_child_delta": 0.0,
    "gini_delta": 0.0
  },
  "GA:ga_dependent_exemption": {
    "state": "GA",
    "annual_cost": -457013272.48254776,
    "poverty_child_delta": 0.0019820404052733887,
    "gini_delta": 0.0004555752522359402
  },
  "ID:id_eitc": {
    "state": "ID",
    "annual_cost": -0.0,
    "poverty_child_delta": 0.0,
    "gini_delta": 0.0
  },
  "IL:il_ctc": {
    "state": "IL",
    "annual_cost": 14124630.612926483,
    "poverty_child_delta": -0.00019063949584960382,
    "gini_delta": -2.967375712215059e-05
  },
  "IL:il_eitc": {
    "state": "IL",
    "annual_cost": 165644206.7748947,
    "poverty_child_delta": -0.002552518844604501,
    "gini_delta": -0.00032250616726958725
  },
  "IL:il_dependent_exemption": {
    "state": "IL",
    "annual_cost": -423729515.94072723,
    "poverty_child_delta": 0.0011490154266357577,
    "gini_delta": 0.00048666973377109457
  },
  "MA:ma_ctc": {
    "state": "MA",
    "annual_cost": 10131879.583255768,
    "poverty_child_delta": -5.7220458982154554e-08,
    "gini_delta": -1.681203514980467e-05
  },
  "MA:ma_eitc": {
    "state": "MA",
    "annual_cost": 41675482.92992401,
    "poverty_child_delta": -0.003110771179199223,
    "gini_delta": -0.00012677747333178502
  },
  "MA:ma_dependent_exemption": {
    "state": "MA",
    "annual_cost": -78496790.00444794,
    "poverty_child_delta": 0.0014270019531250067,
    "gini_delta": 0.00011322715141837136
  },
  "MD:md_ctc": {
    "state": "MD",
    "annual_cost": 13474579.767534256,
    "poverty_child_delta": -4.3869018553910344e-07,
    "gini_delta": -5.555726998940358e-05
  },
  "MD:md_eitc": {
    "state": "MD",
    "annual_cost": 102406124.21265984,
    "poverty_child_delta": -0.003570499420166018,
    "gini_delta": -0.00036641934380488017
  },
  "MN:mn_ctc": {
    "state": "MN",
    "annual_cost": 205404.50747680664,
    "poverty_child_delta": 0.00012309074401854747,
    "gini_delta": -1.837560072814881e-05
  },
  "MN:mn_eitc": {
    "state": "MN",
    "annual_cost": 41425295.151412964,
    "poverty_child_delta": -0.0002914333343505965,
    "gini_delta": -9.620448408742543e-05
  },
  "MN:mn_dependent_exemption": {
    "state": "MN",
    "annual_cost": -365427929.1154213,
    "poverty_child_delta": 0.0005753898620605435,
    "gini_delta": 0.0007287973207115162
  },
  "NJ:nj_ctc": {
    "state": "NJ",
    "annual_cost": 63909191.735946655,
    "poverty_child_delta": -0.0013466072082519431,
    "gini_delta": -0.00015999709849501276
  },
  "NJ:nj_eitc": {
    "state": "NJ",
    "annual_cost": 87645373.27687454,
    "poverty_child_delta": -0.001122837066650395,
    "gini_delta": -0.00019436647831216902
  },
  "NJ:nj_dependent_exemption": {
    "state": "NJ",
    "annual_cost": -168950390.48383713,
    "poverty_child_delta": 0.0013785552978515525,
    "gini_delta": 0.00013454246820554516
  },
  "NM:nm_ctc": {
    "state": "NM",
    "annual_cost": 21364541.31545639,
    "poverty_child_delta": -3.814697266402156e-08,
    "gini_delta": -0.00017058011964010689
  },
  "NM:nm_eitc": {
    "state": "NM",
    "annual_cost": 31127819.48004675,
    "poverty_child_delta": -0.002986145019531261,
    "gini_delta": -0.0003789774451066208
  },
  "NY:ny_ctc": {
    "state": "NY",
    "annual_cost": 184586396.33768463,
    "poverty_child_delta": -0.0011780929565429477,
    "gini_delta": -0.00016265955442462676
  },
  "NY:ny_eitc": {
    "state": "NY",
    "annual_cost": 194287555.96845245,
    "poverty_child_delta": -0.0024767303466796675,
    "gini_delta": -0.00022900270502335118
  },
  "NY:ny_dependent_exemption": {
    "state": "NY",
    "annual_cost": -265890931.5627365,
    "poverty_child_delta": 0.0018571090698242254,
    "gini_delta": 0.0001676189394286265
  },
  "OK:ok_eitc": {
    "state": "OK",
    "annual_cost": 31794239.39920807,
    "poverty_child_delta": -0.0016363525390624967,
    "gini_delta": -0.00021930273809611656
  },
  "OR:or_ctc": {
    "state": "OR",
    "annual_cost": 15165000.808216095,
    "poverty_child_delta": -0.0005220794677734397,
    "gini_delta": -0.00011196735009622039
  },
  "OR:or_eitc": {
    "state": "OR",
    "annual_cost": 5432854.555557251,
    "poverty_child_delta": -0.0005371475219726751,
    "gini_delta": -3.278587796085031e-05
  },
  "OR:or_dependent_exemption": {
    "state": "OR",
    "annual_cost": -177123762.65127945,
    "poverty_child_delta": 0.006312751770019526,
    "gini_delta": 0.0007204859940748154
  },
  "RI:ri_eitc": {
    "state": "RI",
    "annual_cost": 7359355.947793007,
    "poverty_child_delta": -0.001367740631103509,
    "gini_delta": -0.0001594013719645737
  },
  "RI:ri_dependent_exemption": {
    "state": "RI",
    "annual_cost": -36494317.99533558,
    "poverty_child_delta": 0.002099781036376952,
    "gini_delta": 0.0003813821153419994
  },
  "VT:vt_ctc": {
    "state": "VT",
    "annual_cost": 5332113.679312229,
    "poverty_child_delta": -2.8610229491077277e-08,
    "gini_delta": -0.00019218862559733374
  },
  "VT:vt_eitc": {
    "state": "VT",
    "annual_cost": -0.0,
    "poverty_child_delta": 0.0,
    "gini_delta": 0.0
  },
  "DE:de_eitc": {
    "state": "DE",
    "annual_cost": 6344129.200229883,
    "poverty_child_delta": -0.001684360504150384,
    "gini_delta": -0.00015191040083528673
  },
  "DE:de_dependent_exemption": {
    "state": "DE",
    "annual_cost": -22099322.831650972,
    "poverty_child_delta": 0.0,
    "gini_delta": 0.00027776021569836384
  },
  "HI:hi_eitc": {
    "state": "HI",
    "annual_cost": 10407375.48437643,
    "poverty_child_delta": -0.001634731292724595,
    "gini_delta": -0.00017399860916689214
  },
  "IN:in_eitc": {
    "state": "IN",
    "annual_cost": 63305815.950782776,
    "poverty_child_delta": -0.0019174957275390758,
    "gini_delta": -0.0002471500947104355
  },
  "IN:in_dependent_exemption": {
    "state": "IN",
    "annual_cost": -75753312.5539217,
    "poverty_child_delta": 0.0007102584838867276,
    "gini_delta": 0.00016952686745153045
  },
  "IA:ia_eitc": {
    "state": "IA",
    "annual_cost": 23305253.01672077,
    "poverty_child_delta": -0.0012264347076416104,
    "gini_delta": -0.00019053662699353158
  },
  "IA:ia_dependent_exemption": {
    "state": "IA",
    "annual_cost": -28525816.456520557,