{
  "CA:ca_ctc": {
    "state": "CA",
    "annual_cost": 89042592.73397827,
    "poverty_child_delta": -0.00012670516967772105,
    "gini_delta": -5.9039595187937444e-05
  },
  "CA:ca_eitc": {
    "state": "CA",
    "annual_cost": 32334284.24458313,
    "poverty_child_delta": -0.00014419555664060835,
    "gini_delta": -1.8595590553394103e-05
  },
  "CA:ca_dependent_exemption": {
    "state": "CA",
    "annual_cost": -2569588691.695236,
    "poverty_child_delta": 0.0017378997802734442,
    "gini_delta": 0.00042202765560328537
  },
  "CA:snap_reform": {
    "state": "CA",
    "annual_cost": 10420224.0,
    "poverty_child_delta": -7.410049438474897e-05,
    "gini_delta": -6.314985818600682e-06
  },
  "CA:child_allowance": {
    "state": "CA",
    "annual_cost": 8571518976.0,
    "poverty_child_delta": -0.02629568099975585,
    "gini_delta": -0.0038575758361394374
  },
  "CO:co_ctc": {
    "state": "CO",
    "annual_cost": 35342896.4448843,
    "poverty_child_delta": -0.0006345939636230313,
    "gini_delta": -0.00014998174755465055
  },
  "CO:co_eitc": {
    "state": "CO",
    "annual_cost": 266168786.4814186,
    "poverty_child_delta": -0.008140115737915038,
    "gini_delta": -0.0010353661912745338
  },
  "CT:ct_eitc": {
    "state": "CT",
    "annual_cost": -20595411.009881973,
    "poverty_child_delta": 0.0008526611328124878,
    "gini_delta": 0.00012536382554528824
  },
  "DC:dc_ctc": {
    "state": "DC",
    "annual_cost": 6087062.554784775,
    "poverty_child_delta": 0.0,
    "gini_delta": -0.00017417070900982434
  },
  "DC:dc_eitc": {
    "state": "DC",
    "annual_cost": -6624924.140001774,
    "poverty_child_delta": 2.822875976582484e-06,
    "gini_delta": 0.0001793104482755714
  },
  "GA:ga_ctc": {
    "state": "GA",
    "annual_cost": 36553771.96634674,
    "poverty_child_delta": -2.002716064453125e-05,
    "gini_delta": -2.6086578638451208e-05
  },
  "GA:ga_eitc": {
    "state": "GA",
    "annual_cost": -0.0,
    "poverty_child_delta": 0.0,
    "gini_delta": 0.0
  },
  "GA:ga_dependent_exemption": {
    "state": "GA",
    "annual_cost": -458010938.40815353,
    "poverty_child_delta": 0.0019820404052733887,
    "gini_delta": 0.00045738705184938944
  },
  "ID:id_eitc": {
    "state": "ID",
    "annual_cost": -0.0,
    "poverty_child_delta": 0.0,
    "gini_delta": 0.0
  },
  "IL:il_ctc": {
    "state": "IL",
    "annual_cost": 14124630.612926483,
    "poverty_child_delta": -0.00019063949584960382,
    "gini_delta": -2.9639297121075714e-05
  },
  "IL:il_eitc": {
    "state": "IL",
    "annual_cost": 165644206.7748947,
    "poverty_child_delta": -0.002552518844604501,
    "gini_delta": -0.00032213179698870054
  },
  "IL:il_dependent_exemption": {
    "state": "IL",
    "annual_cost": -423729515.94072723,
    "poverty_child_delta": 0.0011490154266357577,
    "gini_delta": 0.00048631544109478675
  },
  "MA:ma_ctc": {
    "state": "MA",
    "annual_cost": 10131879.583255768,
    "poverty_child_delta": -5.7220458982154554e-08,
    "gini_delta": -1.6802100545776355e-05
  },
  "MA:ma_eitc": {
    "state": "MA",
    "annual_cost": 41675482.92992401,
    "poverty_child_delta": -0.003110771179199223,
    "gini_delta": -0.0001266641769492871
  },
  "MA:ma_dependent_exemption": {
    "state": "MA",
    "annual_cost": -78496790.00444794,
    "poverty_child_delta": 0.0014270019531250067,
    "gini_delta": 0.00011319085222805114
  },
  "MD:md_ctc": {
    "state": "MD",
    "annual_cost": 13474579.767534256,
    "poverty_child_delta": -4.3869018553910344e-07,
    "gini_delta": -5.5380568009355535e-05
  },
  "MD:md_eitc": {
    "state": "MD",
    "annual_cost": 102406124.21265984,
    "poverty_child_delta": -0.003570499420166018,
    "gini_delta": -0.00036566847136854097
  },
  "MN:mn_ctc": {
    "state": "MN",
    "annual_cost": 205404.50747680664,
    "poverty_child_delta": 0.00012309074401854747,
    "gini_delta": -1.8296757900215788e-05
  },
  "MN:mn_eitc": {
    "state": "MN",
    "annual_cost": 41425295.151412964,
    "poverty_child_delta": -0.0002914333343505965,
    "gini_delta": -9.61164694955885e-05
  },
  "MN:mn_dependent_exemption": {
    "state": "MN",
    "annual_cost": -365427929.1154213,
    "poverty_child_delta": 0.0005753898620605435,
    "gini_delta": 0.0007286788026091839
  },
  "NJ:nj_ctc": {
    "state": "NJ",
    "annual_cost": 63909191.735946655,
    "poverty_child_delta": -0.0013466072082519431,
    "gini_delta": -0.000159984702915561
  },
  "NJ:nj_eitc": {
    "state": "NJ",
    "annual_cost": 87645373.27687454,
    "poverty_child_delta": -0.001122837066650395,
    "gini_delta": -0.00019435026021641377
  },
  "NJ:nj_dependent_exemption": {
    "state": "NJ",
    "annual_cost": -168950390.48383713,
    "poverty_child_delta": 0.0013785552978515525,
    "gini_delta": 0.00013453547221609075
  },
  "NM:nm_ctc": {
    "state": "NM",
    "annual_cost": 21364541.31545639,
    "poverty_child_delta": -3.814697266402156e-08,
    "gini_delta": -0.00017047577886242227
  },
  "NM:nm_eitc": {
    "state": "NM",
    "annual_cost": 31127819.48004675,
    "poverty_child_delta": -0.002986145019531261,
    "gini_delta": -0.0003785126192852317
  },
  "NY:ny_ctc": {
    "state": "NY",
    "annual_cost": 184586396.33768463,
    "poverty_child_delta": -0.0011780929565429477,
    "gini_delta": -0.00016260427657788235
  },
  "NY:ny_eitc": {
    "state": "NY",
    "annual_cost": 194287555.96845245,
    "poverty_child_delta": -0.0024767303466796675,
    "gini_delta": -0.0002289100127702559
  },
  "NY:ny_dependent_exemption": {
    "state": "NY",
    "annual_cost": -265890931.5627365,
    "poverty_child_delta": 0.0018571090698242254,
    "gini_delta": 0.0001675754187777656
  },
  "OK:ok_eitc": {
    "state": "OK",
    "annual_cost": 31794239.39920807,
    "poverty_child_delta": -0.0016363525390624967,
    "gini_delta": -0.00021897016834060423
  },
  "OR:or_ctc": {
    "state": "OR",
    "annual_cost": 15165000.808216095,
    "poverty_child_delta": -0.0005220794677734397,
    "gini_delta": -0.0001116493214295966
  },
  "OR:or_eitc": {
    "state": "OR",
    "annual_cost": 5432854.555557251,
    "poverty_child_delta": -0.0005371475219726751,
    "gini_delta": -3.2690891561992785e-05
  },
  "OR:or_dependent_exemption": {
    "state": "OR",
    "annual_cost": -177123762.65127945,
    "poverty_child_delta": 0.006312751770019526,
    "gini_delta": 0.0007192650644510801
  },
  "RI:ri_ctc": {
    "state": "RI",
    "annual_cost": -0.0,
    "poverty_child_delta": 0.0,
    "gini_delta": 0.0
  },
  "RI:ri_eitc": {
    "state": "RI",
    "annual_cost": 7359355.947793007,
    "poverty_child_delta": -0.001367740631103509,
    "gini_delta": -0.00015921563066412237
  },
  "RI:ri_dependent_exemption": {
    "state": "RI",
    "annual_cost": -36494317.99533558,
    "poverty_child_delta": 0.002099781036376952,
    "gini_delta": 0.0003813261120483302
  },
  "VT:vt_ctc": {
    "state": "VT",
    "annual_cost": 5332113.679312229,
    "poverty_child_delta": -2.8610229491077277e-08,
    "gini_delta": -0.00019171580680077405
  },
  "VT:vt_eitc": {
    "state": "VT",
    "annual_cost": -0.0,
    "poverty_child_delta": 0.0,
    "gini_delta": 0.0
  },
  "DE:de_eitc": {
    "state": "DE",
    "annual_cost": 6344129.200229883,
    "poverty_child_delta": -0.001684360504150384,
    "gini_delta": -0.00015164802215483775
  },
  "DE:de_dependent_exemption": {
    "state": "DE",
    "annual_cost": -22099322.831650972,
    "poverty_child_delta": 0.0,
    "gini_delta": 0.00027751918579588253
  },
  "HI:hi_eitc": {
    "state": "HI",
    "annual_cost": 10407375.48437643,
    "poverty_child_delta": -0.0016345787048339666,
    "gini_delta": -0.00017342432733813418
  },
  "IN:in_eitc": {
    "state": "IN",
    "annual_cost": 63305815.950782776,
    "poverty_child_delta": -0.0019174957275390758,
    "gini_delta": -0.000246794360682423
  },
  "IN:in_dependent_exemption": {
    "state": "IN",
    "annual_cost": -75753312.5539217,
    "poverty_child_delta": 0.0007102584838867276,