{
  "year": 2026,
  "rows": [
    {
      "id": "federal_ctc_expanded",
      "label": "Restore the 2021 (ARPA) expanded CTC",
      "region": "us",
      "direction": "expansion",
      "summary": {
        "annual_cost": 86599177575.47461,
        "budgetary_impact": -86599177575.47461,
        "tax_revenue_impact": -86599177575.47461,
        "state_tax_revenue_impact": 8464175.487670898,
        "benefit_spending_impact": 0.0,
        "poverty_all_baseline": 0.17030858629775783,
        "poverty_all_reform": 0.14816366992490157,
        "poverty_all_delta": -0.02214491637285626,
        "poverty_child_baseline": 0.18682409327292623,
        "poverty_child_reform": 0.12175755672668664,
        "poverty_child_delta": -0.06506653654623959,
        "poverty_adult_baseline": 0.1823348692412318,
        "poverty_adult_reform": 0.16970399338644446,
        "poverty_adult_delta": -0.012630875854787338,
        "poverty_senior_baseline": 0.10407198015223686,
        "poverty_senior_reform": 0.10302564028047395,
        "poverty_senior_delta": -0.0010463398717629052,
        "deep_poverty_child_delta": -0.012634785409431845,
        "gini_baseline": 0.6504782996563724,
        "gini_reform": 0.646238904516885,
        "gini_delta": -0.004239395139487345,
        "top_1_pct_share_delta": -0.0010450234299759775,
        "child_poverty_rel_reduction": 0.34827700970658887,
        "id": "federal_ctc_expanded",
        "seconds": 0
      },
      "verdict": "PASS",
      "note": "matches prior anchor (PolicyEngine / Columbia CPSP \u2014 2021 ARPA CTC)"
    },
    {
      "id": "child_allowance_3000",
      "label": "Child allowance, $3,000/child under 18",
      "region": "us",
      "direction": "expansion",
      "summary": {
        "annual_cost": 224232813609.1621,
        "budgetary_impact": -224232813609.1621,
        "tax_revenue_impact": 0.0,
        "state_tax_revenue_impact": 0.0,
        "benefit_spending_impact": 224232813609.1621,
        "poverty_all_baseline": 0.17030858629775783,
        "poverty_all_reform": 0.1390882526272617,
        "poverty_all_delta": -0.03122033367049612,
        "poverty_child_baseline": 0.18682409327292623,
        "poverty_child_reform": 0.10144865509198442,
        "poverty_child_delta": -0.08537543818094182,
        "poverty_adult_baseline": 0.1823348692412318,
        "poverty_adult_reform": 0.16231852299540167,
        "poverty_adult_delta": -0.020016346245830124,
        "poverty_senior_baseline": 0.10407198015223686,
        "poverty_senior_reform": 0.10243631283318673,
        "poverty_senior_delta": -0.001635667319050127,
        "deep_poverty_child_delta": -0.01852656733567575,
        "gini_baseline": 0.6504782996563724,
        "gini_reform": 0.6428190516949915,
        "gini_delta": -0.007659247961380844,
        "top_1_pct_share_delta": -0.002691480554150194,
        "child_poverty_rel_reduction": 0.4569830190810516,
        "id": "child_allowance_3000",
        "seconds": 0
      },
      "verdict": "PASS",
      "note": "sign correct (sanity only; no prior anchor)"
    },
    {
      "id": "federal_afa",
      "label": "American Family Act CTC",
      "region": "us",
      "direction": "expansion",
      "summary": {
        "id": "federal_afa",
        "error": "RuntimeError: None",
        "seconds": 7
      },
      "verdict": "ERROR",
      "note": "RuntimeError: None"
    },
    {
      "id": "federal_tax_cuts_for_workers",
      "label": "Tax Cuts for Workers (childless EITC expansion)",
      "region": "us",
      "direction": "expansion",
      "summary": {
        "annual_cost": 9185773796.421875,
        "budgetary_impact": -9185773796.421875,
        "tax_revenue_impact": -9185773796.421875,
        "state_tax_revenue_impact": -898668330.8485107,
        "benefit_spending_impact": 0.0,
        "poverty_all_baseline": 0.17030858629775783,
        "poverty_all_reform": 0.1677596486826529,
        "poverty_all_delta": -0.0025489376151049403,
        "poverty_child_baseline": 0.18682409327292623,
        "poverty_child_reform": 0.18682409327292623,
        "poverty_child_delta": 0.0,
        "poverty_adult_baseline": 0.1823348692412318,
        "poverty_adult_reform": 0.17971181901517913,
        "poverty_adult_delta": -0.0026230502260526645,
        "poverty_senior_baseline": 0.10407198015223686,
        "poverty_senior_reform": 0.09845142925515213,
        "poverty_senior_delta": -0.005620550897084728,
        "deep_poverty_child_delta": 0.0,
        "gini_baseline": 0.6504782996563724,
        "gini_reform": 0.6501607524966633,
        "gini_delta": -0.0003175471597091084,
        "top_1_pct_share_delta": -0.00016357021560692298,
        "child_poverty_rel_reduction": -0.0,
        "id": "federal_tax_cuts_for_workers",
        "seconds": 0
      },
      "verdict": "PASS",
      "note": "sign correct (sanity only; no prior anchor)"
    },
    {
      "id": "federal_working_parents_tax_relief",
      "label": "Working Parents Tax Relief Act",
      "region": "us",
      "direction": "expansion",
      "summary": {
        "annual_cost": 28488209615.570312,
        "budgetary_impact": -28488209615.570312,
        "tax_revenue_impact": -28488209615.570312,
        "state_tax_revenue_impact": -2316247630.6584473,
        "benefit_spending_impact": 0.0,
        "poverty_all_baseline": 0.17030858629775783,
        "poverty_all_reform": 0.16590937609355744,
        "poverty_all_delta": -0.004399210204200393,
        "poverty_child_baseline": 0.18682409327292623,
        "poverty_child_reform": 0.1722588046596943,
        "poverty_child_delta": -0.014565288613231947,
        "poverty_adult_baseline": 0.1823348692412318,
        "poverty_adult_reform": 0.18035049964790104,
        "poverty_adult_delta": -0.0019843695933307592,
        "poverty_senior_baseline": 0.10407198015223686,
        "poverty_senior_reform": 0.10407198015223686,
        "poverty_senior_delta": 0.0,
        "deep_poverty_child_delta": -0.0009509786551599661,
        "gini_baseline": 0.6504782996563724,
        "gini_reform": 0.6489824721578524,
        "gini_delta": -0.0014958274985199527,
        "top_1_pct_share_delta": -0.0003271165426372846,
        "child_poverty_rel_reduction": 0.07796258158177657,
        "id": "federal_working_parents_tax_relief",
        "seconds": 0
      },
      "verdict": "PASS",
      "note": "sign correct (sanity only; no prior anchor)"
    },
    {
      "id": "ca_ctc_2000",
      "label": "California Young Child Tax Credit raised to $2,000",
      "region": "ca",
      "direction": "expansion",
      "summary": {
        "annual_cost": 322165923.3847656,
        "budgetary_impact": -322165923.3847656,
        "tax_revenue_impact": -322165923.3847656,
        "state_tax_revenue_impact": -322165838.6889038,
        "benefit_spending_impact": 0.0,
        "poverty_all_baseline": 0.2589711722236573,
        "poverty_all_reform": 0.25831259729976114,
        "poverty_all_delta": -0.0006585749238961491,
        "poverty_child_baseline": 0.2654482247009844,
        "poverty_child_reform": 0.26380293684889145,
        "poverty_child_delta": -0.001645287852092947,
        "poverty_adult_baseline": 0.24321565267037917,
        "poverty_adult_reform": 0.2427465137104825,
        "poverty_adult_delta": -0.00046913895989667,
        "poverty_senior_baseline": 0.30989736398011586,
        "poverty_senior_reform": 0.30989696829582547,
        "poverty_senior_delta": -3.956842903884983e-07,
        "deep_poverty_child_delta": -0.0004600277214630438,
        "gini_baseline": 0.5403478635930928,
        "gini_reform": 0.5401752916561297,
        "gini_delta": -0.00017257193696318396,
        "top_1_pct_share_delta": -1.5344252916771328e-05,
        "child_poverty_rel_reduction": 0.00619814976704512,
        "id": "ca_ctc_2000",
        "seconds": 0
      },
      "verdict": "PASS",
      "note": "sign correct (sanity only; no prior anchor)"
    },
    {
      "id": "ny_ctc_2000",